{
"lengthUnit": "mil",
"components": {
	"fields": ["COMPONENT_NO", "COMPONENT_NAME", "LAYER", "X_COORDINATE", "Y_COORDINATE", "ANGLE"],
	"rows": [
		[1, "C1", "T", 1856.09, -978.89, 270],
		[2, "C2", "T", 1780.6, -767.41, 180],
		[3, "C3", "T", 1578.55, -864.25, 180],
		[4, "C4", "T", 1555, -945, 180],
		[5, "C5", "T", 1760.6, -854.25, 180],
		[6, "C6", "T", 776.93, -242.11, 0],
		[7, "C7", "T", 1390, -635, 0],
		[8, "C8", "T", 765, -320, 0],
		[9, "C9", "T", 1390, -425, 0],
		[10, "C10", "T", 1532.32, -278.39, 90],
		[11, "C11", "T", 485, -1035, 0],
		[12, "C12", "T", 830, -1035, 180],
		[13, "D1", "T", 1279.25, -712.78, 180],
		[14, "F1", "T", 1793.29, -669.09, 180],
		[15, "H1", "B", 1145, -76.53, 0],
		[16, "H2", "B", 1145, -1215.76, 0],
		[17, "LED1", "T", 1389.93, -495.14, 180],
		[18, "LED2", "T", 1389.93, -564.86, 180],
		[19, "LED3", "T", 1830, -245, 0],
		[20, "Q1", "T", 1579.16, -722.41, 0],
		[21, "Q2", "T", 1835, -345, 270],
		[22, "Q3", "T", 1325, -265, 270],
		[23, "Q4", "T", 1302.73, -880.04, 270],
		[24, "R1", "T", 1239.94, -494.38, 180],
		[25, "R2", "T", 1840, -505, 180],
		[26, "R3", "T", 1239.94, -562.32, 180],
		[27, "R4", "T", 1840, -565, 180],
		[28, "R5", "T", 1775, -1005, 90],
		[29, "R6", "T", 1675, -232.5, 0],
		[30, "R7", "T", 1320, -360, 180],
		[31, "R8", "T", 1675, -345, 180],
		[32, "R9", "T", 1677.64, -290, 0],
		[33, "R10", "T", 1445, -305, 270],
		[34, "R11", "T", 1965, -245, 0],
		[35, "R12", "T", 1257.05, -798.26, 270],
		[36, "RN1", "T", 1045, -410, 90],
		[37, "RN2", "T", 1045, -300, 90],
		[38, "SW1", "T", 2105, -970, 0],
		[39, "SW2", "T", 2160, -335, 90],
		[40, "U1", "T", 1600, -500, 90],
		[41, "U2", "T", 690, -645, 270],
		[42, "USB1", "T", 2125, -685, 90],
		[43, "X1", "T", 660, -995, 180]
	]
},
"pins": {
	"fields": ["PIN_NO", "PIN_NAME", "PIN_X", "PIN_Y", "LAYER", "PIN_TYPE", "NET_NAME", "NET_TYPE", "PAD_SHAPE", "PAD_SIZEX", "PAD_SIZEY", "HOLE_SIZE", "PAD_ANGLE"],
	"rows": [
		[1, "C1_1", 1856.09, -939.52, "T", "SMD", "RST", "", "R", 55.51, 53.15, 0, 270],
		[2, "C1_2", 1856.09, -1018.26, "T", "SMD", "VCC", "", "R", 55.51, 53.15, 0, 270],
		[3, "C2_1", 1819.97, -767.41, "T", "SMD", "GND", "GND", "R", 55.51, 53.15, 0, 180],
		[4, "C2_2", 1741.23, -767.41, "T", "SMD", "VIN_5V", "", "R", 55.51, 53.15, 0, 180],
		[5, "C3_1", 1617.92, -864.25, "T", "SMD", "GND", "GND", "R", 55.51, 53.15, 0, 180],
		[6, "C3_2", 1539.18, -864.25, "T", "SMD", "3V3", "", "R", 55.51, 53.15, 0, 180],
		[7, "C4_1", 1582.56, -945, "T", "SMD", "GND", "GND", "R", 31.5, 35.43, 0, 180],
		[8, "C4_2", 1527.44, -945, "T", "SMD", "3V3", "", "R", 31.5, 35.43, 0, 180],
		[9, "C5_1", 1788.16, -854.25, "T", "SMD", "GND", "GND", "R", 31.5, 35.43, 0, 180],
		[10, "C5_2", 1733.04, -854.25, "T", "SMD", "VIN_5V", "", "R", 31.5, 35.43, 0, 180],
		[11, "C6_1", 737.56, -242.11, "T", "SMD", "VCC", "", "R", 55.51, 53.15, 0, 0],
		[12, "C6_2", 816.3, -242.11, "T", "SMD", "GND", "GND", "R", 55.51, 53.15, 0, 0],
		[13, "C7_1", 1362.44, -635, "T", "SMD", "GND", "GND", "R", 31.5, 35.43, 0, 0],
		[14, "C7_2", 1417.56, -635, "T", "SMD", "$1N5250", "", "R", 31.5, 35.43, 0, 0],
		[15, "C8_1", 737.44, -320, "T", "SMD", "VCC", "", "R", 31.5, 35.43, 0, 0],
		[16, "C8_2", 792.56, -320, "T", "SMD", "GND", "GND", "R", 31.5, 35.43, 0, 0],
		[17, "C9_1", 1362.44, -425, "T", "SMD", "GND", "GND", "R", 31.5, 35.43, 0, 0],
		[18, "C9_2", 1417.56, -425, "T", "SMD", "VIN_5V", "", "R", 31.5, 35.43, 0, 0],
		[19, "C10_1", 1532.32, -317.76, "T", "SMD", "$1N6391", "", "R", 55.51, 53.15, 0, 90],
		[20, "C10_2", 1532.32, -239.02, "T", "SMD", "$1N6308", "", "R", 55.51, 53.15, 0, 90],
		[21, "C11_1", 457.44, -1035, "T", "SMD", "GND", "GND", "R", 31.5, 35.43, 0, 0],
		[22, "C11_2", 512.56, -1035, "T", "SMD", "XTAL2", "", "R", 31.5, 35.43, 0, 0],
		[23, "C12_1", 857.56, -1035, "T", "SMD", "GND", "GND", "R", 31.5, 35.43, 0, 180],
		[24, "C12_2", 802.44, -1035, "T", "SMD", "XTAL1", "", "R", 31.5, 35.43, 0, 180],
		[25, "D1_1", 1345.88, -712.78, "T", "SMD", "$1N5313", "", "R", 35.43, 39.37, 0, 180],
		[26, "D1_2", 1212.62, -712.78, "T", "SMD", "P30", "", "R", 35.43, 39.37, 0, 180],
		[27, "F1_1", 1850.18, -669.09, "T", "SMD", "$1N519", "", "R", 46.85, 68.03, 0, 180],
		[28, "F1_2", 1736.4, -669.09, "T", "SMD", "VIN_5V", "", "R", 46.85, 68.03, 0, 180],
		[29, "H1_1", 95, -76.53, "T", "DIP", "P00", "", "R", 62.99, 62.99, 41.34, 0],
		[30, "H1_1", 95, -76.53, "B", "DIP", "P00", "", "R", 62.99, 62.99, 41.34, 0],
		[31, "H1_2", 195, -76.53, "T", "DIP", "P01", "", "C", 62.99, 62.99, 41.34, 0],
		[32, "H1_2", 195, -76.53, "B", "DIP", "P01", "", "C", 62.99, 62.99, 41.34, 0],
		[33, "H1_3", 295, -76.53, "T", "DIP", "P02", "", "C", 62.99, 62.99, 41.34, 0],
		[34, "H1_3", 295, -76.53, "B", "DIP", "P02", "", "C", 62.99, 62.99, 41.34, 0],
		[35, "H1_4", 395, -76.53, "T", "DIP", "P03", "", "C", 62.99, 62.99, 41.34, 0],
		[36, "H1_4", 395, -76.53, "B", "DIP", "P03", "", "C", 62.99, 62.99, 41.34, 0],
		[37, "H1_5", 495, -76.53, "T", "DIP", "P04", "", "C", 62.99, 62.99, 41.34, 0],
		[38, "H1_5", 495, -76.53, "B", "DIP", "P04", "", "C", 62.99, 62.99, 41.34, 0],
		[39, "H1_6", 595, -76.53, "T", "DIP", "P05", "", "C", 62.99, 62.99, 41.34, 0],
		[40, "H1_6", 595, -76.53, "B", "DIP", "P05", "", "C", 62.99, 62.99, 41.34, 0],
		[41, "H1_7", 695, -76.53, "T", "DIP", "P06", "", "C", 62.99, 62.99, 41.34, 0],
		[42, "H1_7", 695, -76.53, "B", "DIP", "P06", "", "C", 62.99, 62.99, 41.34, 0],
		[43, "H1_8", 795, -76.53, "T", "DIP", "P07", "", "C", 62.99, 62.99, 41.34, 0],
		[44, "H1_8", 795, -76.53, "B", "DIP", "P07", "", "C", 62.99, 62.99, 41.34, 0],
		[45, "H1_9", 895, -76.53, "T", "DIP", "P10", "", "C", 62.99, 62.99, 41.34, 0],
		[46, "H1_9", 895, -76.53, "B", "DIP", "P10", "", "C", 62.99, 62.99, 41.34, 0],
		[47, "H1_10", 995, -76.53, "T", "DIP", "P11", "", "C", 62.99, 62.99, 41.34, 0],
		[48, "H1_10", 995, -76.53, "B", "DIP", "P11", "", "C", 62.99, 62.99, 41.34, 0],
		[49, "H1_11", 1095, -76.53, "T", "DIP", "P12", "", "C", 62.99, 62.99, 41.34, 0],
		[50, "H1_11", 1095, -76.53, "B", "DIP", "P12", "", "C", 62.99, 62.99, 41.34, 0],
		[51, "H1_12", 1195, -76.53, "T", "DIP", "P13", "", "C", 62.99, 62.99, 41.34, 0],
		[52, "H1_12", 1195, -76.53, "B", "DIP", "P13", "", "C", 62.99, 62.99, 41.34, 0],
		[53, "H1_13", 1295, -76.53, "T", "DIP", "P14", "", "C", 62.99, 62.99, 41.34, 0],
		[54, "H1_13", 1295, -76.53, "B", "DIP", "P14", "", "C", 62.99, 62.99, 41.34, 0],
		[55, "H1_14", 1395, -76.53, "T", "DIP", "P15", "", "C", 62.99, 62.99, 41.34, 0],
		[56, "H1_14", 1395, -76.53, "B", "DIP", "P15", "", "C", 62.99, 62.99, 41.34, 0],
		[57, "H1_15", 1495, -76.53, "T", "DIP", "P16", "", "C", 62.99, 62.99, 41.34, 0],
		[58, "H1_15", 1495, -76.53, "B", "DIP", "P16", "", "C", 62.99, 62.99, 41.34, 0],
		[59, "H1_16", 1595, -76.53, "T", "DIP", "P17", "", "C", 62.99, 62.99, 41.34, 0],
		[60, "H1_16", 1595, -76.53, "B", "DIP", "P17", "", "C", 62.99, 62.99, 41.34, 0],
		[61, "H1_17", 1695, -76.53, "T", "DIP", "P20", "", "C", 62.99, 62.99, 41.34, 0],
		[62, "H1_17", 1695, -76.53, "B", "DIP", "P20", "", "C", 62.99, 62.99, 41.34, 0],
		[63, "H1_18", 1795, -76.53, "T", "DIP", "P21", "", "C", 62.99, 62.99, 41.34, 0],
		[64, "H1_18", 1795, -76.53, "B", "DIP", "P21", "", "C", 62.99, 62.99, 41.34, 0],
		[65, "H1_19", 1895, -76.53, "T", "DIP", "P22", "", "C", 62.99, 62.99, 41.34, 0],
		[66, "H1_19", 1895, -76.53, "B", "DIP", "P22", "", "C", 62.99, 62.99, 41.34, 0],
		[67, "H1_20", 1995, -76.53, "T", "DIP", "P23", "", "C", 62.99, 62.99, 41.34, 0],
		[68, "H1_20", 1995, -76.53, "B", "DIP", "P23", "", "C", 62.99, 62.99, 41.34, 0],
		[69, "H1_21", 2095, -76.53, "T", "DIP", "P24", "", "C", 62.99, 62.99, 41.34, 0],
		[70, "H1_21", 2095, -76.53, "B", "DIP", "P24", "", "C", 62.99, 62.99, 41.34, 0],
		[71, "H1_22", 2195, -76.53, "T", "DIP", "P25", "", "C", 62.99, 62.99, 41.34, 0],
		[72, "H1_22", 2195, -76.53, "B", "DIP", "P25", "", "C", 62.99, 62.99, 41.34, 0],
		[73, "H2_1", 195, -1215.76, "T", "DIP", "P26", "", "R", 62.99, 62.99, 41.34, 0],
		[74, "H2_1", 195, -1215.76, "B", "DIP", "P26", "", "R", 62.99, 62.99, 41.34, 0],
		[75, "H2_2", 295, -1215.76, "T", "DIP", "P27", "", "C", 62.99, 62.99, 41.34, 0],
		[76, "H2_2", 295, -1215.76, "B", "DIP", "P27", "", "C", 62.99, 62.99, 41.34, 0],
		[77, "H2_3", 395, -1215.76, "T", "DIP", "P30", "", "C", 62.99, 62.99, 41.34, 0],
		[78, "H2_3", 395, -1215.76, "B", "DIP", "P30", "", "C", 62.99, 62.99, 41.34, 0],
		[79, "H2_4", 495, -1215.76, "T", "DIP", "P31", "", "C", 62.99, 62.99, 41.34, 0],
		[80, "H2_4", 495, -1215.76, "B", "DIP", "P31", "", "C", 62.99, 62.99, 41.34, 0],
		[81, "H2_5", 595, -1215.76, "T", "DIP", "P32", "", "C", 62.99, 62.99, 41.34, 0],
		[82, "H2_5", 595, -1215.76, "B", "DIP", "P32", "", "C", 62.99, 62.99, 41.34, 0],
		[83, "H2_6", 695, -1215.76, "T", "DIP", "P33", "", "C", 62.99, 62.99, 41.34, 0],
		[84, "H2_6", 695, -1215.76, "B", "DIP", "P33", "", "C", 62.99, 62.99, 41.34, 0],
		[85, "H2_7", 795, -1215.76, "T", "DIP", "P34", "", "C", 62.99, 62.99, 41.34, 0],
		[86, "H2_7", 795, -1215.76, "B", "DIP", "P34", "", "C", 62.99, 62.99, 41.34, 0],
		[87, "H2_8", 895, -1215.76, "T", "DIP", "P35", "", "C", 62.99, 62.99, 41.34, 0],
		[88, "H2_8", 895, -1215.76, "B", "DIP", "P35", "", "C", 62.99, 62.99, 41.34, 0],
		[89, "H2_9", 995, -1215.76, "T", "DIP", "P36", "", "C", 62.99, 62.99, 41.34, 0],
		[90, "H2_9", 995, -1215.76, "B", "DIP", "P36", "", "C", 62.99, 62.99, 41.34, 0],
		[91, "H2_10", 1095, -1215.76, "T", "DIP", "P37", "", "C", 62.99, 62.99, 41.34, 0],
		[92, "H2_10", 1095, -1215.76, "B", "DIP", "P37", "", "C", 62.99, 62.99, 41.34, 0],
		[93, "H2_11", 1195, -1215.76, "T", "DIP", "P40", "", "C", 62.99, 62.99, 41.34, 0],
		[94, "H2_11", 1195, -1215.76, "B", "DIP", "P40", "", "C", 62.99, 62.99, 41.34, 0],
		[95, "H2_12", 1295, -1215.76, "T", "DIP", "P41", "", "C", 62.99, 62.99, 41.34, 0],
		[96, "H2_12", 1295, -1215.76, "B", "DIP", "P41", "", "C", 62.99, 62.99, 41.34, 0],
		[97, "H2_13", 1395, -1215.76, "T", "DIP", "P42", "", "C", 62.99, 62.99, 41.34, 0],
		[98, "H2_13", 1395, -1215.76, "B", "DIP", "P42", "", "C", 62.99, 62.99, 41.34, 0],
		[99, "H2_14", 1495, -1215.76, "T", "DIP", "P43", "", "C", 62.99, 62.99, 41.34, 0],
		[100, "H2_14", 1495, -1215.76, "B", "DIP", "P43", "", "C", 62.99, 62.99, 41.34, 0],
		[101, "H2_15", 1595, -1215.76, "T", "DIP", "P44", "", "C", 62.99, 62.99, 41.34, 0],
		[102, "H2_15", 1595, -1215.76, "B", "DIP", "P44", "", "C", 62.99, 62.99, 41.34, 0],
		[103, "H2_16", 1695, -1215.76, "T", "DIP", "P45", "", "C", 62.99, 62.99, 41.34, 0],
		[104, "H2_16", 1695, -1215.76, "B", "DIP", "P45", "", "C", 62.99, 62.99, 41.34, 0],
		[105, "H2_17", 1795, -1215.76, "T", "DIP", "P46", "", "C", 62.99, 62.99, 41.34, 0],
		[106, "H2_17", 1795, -1215.76, "B", "DIP", "P46", "", "C", 62.99, 62.99, 41.34, 0],
		[107, "H2_18", 1895, -1215.76, "T", "DIP", "GND", "GND", "C", 62.99, 62.99, 41.34, 0],
		[108, "H2_18", 1895, -1215.76, "B", "DIP", "GND", "GND", "C", 62.99, 62.99, 41.34, 0],
		[109, "H2_19", 1995, -1215.76, "T", "DIP", "3V3", "", "C", 62.99, 62.99, 41.34, 0],
		[110, "H2_19", 1995, -1215.76, "B", "DIP", "3V3", "", "C", 62.99, 62.99, 41.34, 0],
		[111, "H2_20", 2095, -1215.76, "T", "DIP", "VCC", "", "C", 62.99, 62.99, 41.34, 0],
		[112, "H2_20", 2095, -1215.76, "B", "DIP", "VCC", "", "C", 62.99, 62.99, 41.34, 0],
		[113, "LED1_1", 1356.43, -495.14, "T", "SMD", "$1N5536", "", "R", 31.5, 31.5, 0, 270],
		[114, "LED1_2", 1423.43, -495.14, "T", "SMD", "P30", "", "R", 31.5, 31.5, 0, 270],
		[115, "LED2_1", 1356.43, -564.86, "T", "SMD", "$1N5540", "", "R", 31.5, 31.5, 0, 270],
		[116, "LED2_2", 1423.43, -564.86, "T", "SMD", "P31", "", "R", 31.5, 31.5, 0, 270],
		[117, "LED3_1", 1863.5, -245, "T", "SMD", "$1N4127", "", "R", 31.5, 31.5, 0, 90],
		[118, "LED3_2", 1796.5, -245, "T", "SMD", "GND", "GND", "R", 31.5, 31.5, 0, 90],
		[119, "Q1_1", 1632.55, -781.47, "T", "SMD", "GND", "GND", "R", 62.01, 26.46, 0, 0],
		[120, "Q1_2", 1525.76, -722.42, "T", "SMD", "3V3", "", "P", 211.69, 74.8, 0, 0],
		[121, "Q1_3", 1632.55, -663.36, "T", "SMD", "VCC", "", "R", 62.01, 26.46, 0, 0],
		[122, "Q2_1", 1797.4, -386.54, "T", "SMD", "$1N6373", "", "R", 23.62, 35.83, 0, 0],
		[123, "Q2_2", 1872.6, -386.54, "T", "SMD", "VIN_5V", "", "R", 23.62, 35.83, 0, 0],
		[124, "Q2_3", 1835, -303.46, "T", "SMD", "VCC_SW", "", "R", 23.62, 35.83, 0, 0],
		[125, "Q3_1", 1287.4, -306.54, "T", "SMD", "$1N6157", "", "R", 23.62, 35.83, 0, 0],
		[126, "Q3_2", 1362.6, -306.54, "T", "SMD", "VIN_5V", "", "R", 23.62, 35.83, 0, 0],
		[127, "Q3_3", 1325, -223.46, "T", "SMD", "$1N6308", "", "R", 23.62, 35.83, 0, 0],
		[128, "Q4_1", 1265.13, -921.58, "T", "SMD", "$1N10712", "", "R", 23.62, 35.83, 0, 0],
		[129, "Q4_2", 1340.33, -921.58, "T", "SMD", "P31", "", "R", 23.62, 35.83, 0, 0],
		[130, "Q4_3", 1302.73, -838.5, "T", "SMD", "$1N5309", "", "R", 23.62, 35.83, 0, 0],
		[131, "R1_1", 1269.6, -494.38, "T", "SMD", "$1N5536", "", "R", 31.75, 34.02, 0, 180],
		[132, "R1_2", 1210.28, -494.38, "T", "SMD", "VCC", "", "R", 31.75, 34.02, 0, 180],
		[133, "R2_1", 1857.04, -505, "T", "SMD", "$1N416", "", "R", 22.27, 21.26, 0, 180],
		[134, "R2_2", 1822.96, -505, "T", "SMD", "GND", "GND", "R", 22.27, 21.26, 0, 180],
		[135, "R3_1", 1269.6, -562.32, "T", "SMD", "$1N5540", "", "R", 31.75, 34.02, 0, 180],
		[136, "R3_2", 1210.28, -562.32, "T", "SMD", "VCC", "", "R", 31.75, 34.02, 0, 180],
		[137, "R4_1", 1857.04, -565, "T", "SMD", "$1N420", "", "R", 22.27, 21.26, 0, 180],
		[138, "R4_2", 1822.96, -565, "T", "SMD", "GND", "GND", "R", 22.27, 21.26, 0, 180],
		[139, "R5_1", 1775, -1034.66, "T", "SMD", "GND", "GND", "R", 31.75, 34.02, 0, 90],
		[140, "R5_2", 1775, -975.34, "T", "SMD", "RST", "", "R", 31.75, 34.02, 0, 90],
		[141, "R6_1", 1645.34, -232.5, "T", "SMD", "GND", "GND", "R", 31.75, 34.02, 0, 0],
		[142, "R6_2", 1704.66, -232.5, "T", "SMD", "$1N6373", "", "R", 31.75, 34.02, 0, 0],
		[143, "R7_1", 1337.04, -360, "T", "SMD", "RTS", "", "R", 22.27, 21.26, 0, 180],
		[144, "R7_2", 1302.96, -360, "T", "SMD", "$1N6157", "", "R", 22.27, 21.26, 0, 180],
		[145, "R8_1", 1704.66, -345, "T", "SMD", "$1N6391", "", "R", 31.75, 34.02, 0, 180],
		[146, "R8_2", 1645.34, -345, "T", "SMD", "$1N6308", "", "R", 31.75, 34.02, 0, 180],
		[147, "R9_1", 1660.6, -290, "T", "SMD", "$1N6391", "", "R", 22.27, 21.26, 0, 0],
		[148, "R9_2", 1694.68, -290, "T", "SMD", "$1N6373", "", "R", 22.27, 21.26, 0, 0],
		[149, "R10_1", 1445, -275.34, "T", "SMD", "GND", "GND", "R", 31.75, 34.02, 0, 270],
		[150, "R10_2", 1445, -334.66, "T", "SMD", "$1N6391", "", "R", 31.75, 34.02, 0, 270],
		[151, "R11_1", 1935.34, -245, "T", "SMD", "$1N4127", "", "R", 31.75, 34.02, 0, 0],
		[152, "R11_2", 1994.66, -245, "T", "SMD", "VCC", "", "R", 31.75, 34.02, 0, 0],
		[153, "R12_1", 1257.05, -781.22, "T", "SMD", "VCC", "", "R", 22.27, 21.26, 0, 270],
		[154, "R12_2", 1257.05, -815.3, "T", "SMD", "$1N10712", "", "R", 22.27, 21.26, 0, 270],
		[155, "RN1_1", 1028.17, -439.53, "T", "SMD", "P07", "", "R", 11.81, 19.88, 0, 270],
		[156, "RN1_2", 1028.17, -419.84, "T", "SMD", "P06", "", "R", 11.81, 19.88, 0, 270],
		[157, "RN1_3", 1028.17, -400.16, "T", "SMD", "P05", "", "R", 11.81, 19.88, 0, 270],
		[158, "RN1_4", 1028.17, -380.47, "T", "SMD", "P04", "", "R", 11.81, 19.88, 0, 270],
		[159, "RN1_5", 1061.83, -380.47, "T", "SMD", "VCC", "", "R", 11.81, 19.88, 0, 270],
		[160, "RN1_6", 1061.83, -400.16, "T", "SMD", "VCC", "", "R", 11.81, 19.88, 0, 270],
		[161, "RN1_7", 1061.83, -419.84, "T", "SMD", "VCC", "", "R", 11.81, 19.88, 0, 270],
		[162, "RN1_8", 1061.83, -439.53, "T", "SMD", "VCC", "", "R", 11.81, 19.88, 0, 270],
		[163, "RN2_1", 1028.17, -329.53, "T", "SMD", "P03", "", "R", 11.81, 19.88, 0, 270],
		[164, "RN2_2", 1028.17, -309.84, "T", "SMD", "P02", "", "R", 11.81, 19.88, 0, 270],
		[165, "RN2_3", 1028.17, -290.16, "T", "SMD", "P01", "", "R", 11.81, 19.88, 0, 270],
		[166, "RN2_4", 1028.17, -270.47, "T", "SMD", "P00", "", "R", 11.81, 19.88, 0, 270],
		[167, "RN2_5", 1061.83, -270.47, "T", "SMD", "VCC", "", "R", 11.81, 19.88, 0, 270],
		[168, "RN2_6", 1061.83, -290.16, "T", "SMD", "VCC", "", "R", 11.81, 19.88, 0, 270],
		[169, "RN2_7", 1061.83, -309.84, "T", "SMD", "VCC", "", "R", 11.81, 19.88, 0, 270],
		[170, "RN2_8", 1061.83, -329.53, "T", "SMD", "VCC", "", "R", 11.81, 19.88, 0, 270],
		[171, "SW1_1", 1947.52, -970, "T", "SMD", "RST", "", "R", 74.8, 59.05, 0, 0],
		[172, "SW1_2", 2262.48, -970, "T", "SMD", "VCC", "", "R", 74.8, 59.05, 0, 0],
		[173, "SW2_1", 2248.58, -413.74, "T", "DIP", "SW2_1", "", "C", 59.05, 59.05, 35.43, 90],
		[174, "SW2_1", 2248.58, -413.74, "B", "DIP", "SW2_1", "", "C", 59.05, 59.05, 35.43, 90],
		[175, "SW2_2", 2248.58, -335, "T", "DIP", "VCC_SW", "", "C", 59.05, 59.05, 35.43, 90],
		[176, "SW2_2", 2248.58, -335, "B", "DIP", "VCC_SW", "", "C", 59.05, 59.05, 35.43, 90],
		[177, "SW2_3", 2248.58, -256.26, "T", "DIP", "VCC", "", "C", 59.05, 59.05, 35.43, 90],
		[178, "SW2_3", 2248.58, -256.26, "B", "DIP", "VCC", "", "C", 59.05, 59.05, 35.43, 90],
		[179, "SW2_4", 2071.42, -413.74, "T", "DIP", "SW2_4", "", "C", 59.05, 59.05, 35.43, 90],
		[180, "SW2_4", 2071.42, -413.74, "B", "DIP", "SW2_4", "", "C", 59.05, 59.05, 35.43, 90],
		[181, "SW2_5", 2071.42, -335, "T", "DIP", "VCC_SW", "", "C", 59.05, 59.05, 35.43, 90],
		[182, "SW2_5", 2071.42, -335, "B", "DIP", "VCC_SW", "", "C", 59.05, 59.05, 35.43, 90],
		[183, "SW2_6", 2071.42, -256.26, "T", "DIP", "VCC", "", "C", 59.05, 59.05, 35.43, 90],
		[184, "SW2_6", 2071.42, -256.26, "B", "DIP", "VCC", "", "C", 59.05, 59.05, 35.43, 90],
		[185, "U1_1", 1705.61, -575, "T", "SMD", "USB_D+", "", "O", 24.8, 73.42, 0, 90],
		[186, "U1_2", 1705.61, -525, "T", "SMD", "USB_D-", "", "O", 24.8, 73.42, 0, 90],
		[187, "U1_3", 1705.61, -475, "T", "SMD", "GND", "GND", "O", 24.8, 73.42, 0, 90],
		[188, "U1_4", 1705.61, -425, "T", "SMD", "RTS", "", "O", 24.8, 73.42, 0, 90],
		[189, "U1_5", 1494.39, -425, "T", "SMD", "VIN_5V", "", "O", 24.8, 73.42, 0, 90],
		[190, "U1_6", 1494.39, -475, "T", "SMD", "$1N5313", "", "O", 24.8, 73.42, 0, 90],
		[191, "U1_7", 1494.39, -525, "T", "SMD", "$1N5309", "", "O", 24.8, 73.42, 0, 90],
		[192, "U1_8", 1494.39, -575, "T", "SMD", "$1N5250", "", "O", 24.8, 73.42, 0, 90],
		[193, "U2_1", 464.21, -487.52, "T", "SMD", "P15", "", "O", 16.54, 65.75, 0, 270],
		[194, "U2_2", 464.21, -519.02, "T", "SMD", "P16", "", "O", 16.54, 65.75, 0, 270],
		[195, "U2_3", 464.21, -550.51, "T", "SMD", "P17", "", "O", 16.54, 65.75, 0, 270],
		[196, "U2_4", 464.21, -582.01, "T", "SMD", "RST", "", "O", 16.54, 65.75, 0, 270],
		[197, "U2_5", 464.21, -613.5, "T", "SMD", "P30", "", "O", 16.54, 65.75, 0, 270],
		[198, "U2_6", 464.21, -645, "T", "SMD", "P43", "", "O", 16.54, 65.75, 0, 270],
		[199, "U2_7", 464.21, -676.5, "T", "SMD", "P31", "", "O", 16.54, 65.75, 0, 270],
		[200, "U2_8", 464.21, -707.99, "T", "SMD", "P32", "", "O", 16.54, 65.75, 0, 270],
		[201, "U2_9", 464.21, -739.49, "T", "SMD", "P33", "", "O", 16.54, 65.75, 0, 270],
		[202, "U2_10", 464.21, -770.98, "T", "SMD", "P34", "", "O", 16.54, 65.75, 0, 270],
		[203, "U2_11", 464.21, -802.48, "T", "SMD", "P35", "", "O", 16.54, 65.75, 0, 270],
		[204, "U2_12", 532.52, -870.79, "T", "SMD", "P36", "", "O", 65.75, 16.54, 0, 270],
		[205, "U2_13", 564.02, -870.79, "T", "SMD", "P37", "", "O", 65.75, 16.54, 0, 270],
		[206, "U2_14", 595.51, -870.79, "T", "SMD", "XTAL2", "", "O", 65.75, 16.54, 0, 270],
		[207, "U2_15", 627.01, -870.79, "T", "SMD", "XTAL1", "", "O", 65.75, 16.54, 0, 270],
		[208, "U2_16", 658.5, -870.79, "T", "SMD", "GND", "GND", "O", 65.75, 16.54, 0, 270],
		[209, "U2_17", 690, -870.79, "T", "SMD", "P40", "", "O", 65.75, 16.54, 0, 270],
		[210, "U2_18", 721.5, -870.79, "T", "SMD", "P20", "", "O", 65.75, 16.54, 0, 270],
		[211, "U2_19", 752.99, -870.79, "T", "SMD", "P21", "", "O", 65.75, 16.54, 0, 270],
		[212, "U2_20", 784.49, -870.79, "T", "SMD", "P22", "", "O", 65.75, 16.54, 0, 270],
		[213, "U2_21", 815.98, -870.79, "T", "SMD", "P23", "", "O", 65.75, 16.54, 0, 270],
		[214, "U2_22", 847.48, -870.79, "T", "SMD", "P24", "", "O", 65.75, 16.54, 0, 270],
		[215, "U2_23", 915.79, -802.48, "T", "SMD", "P25", "", "O", 16.54, 65.75, 0, 270],
		[216, "U2_24", 915.79, -770.98, "T", "SMD", "P26", "", "O", 16.54, 65.75, 0, 270],
		[217, "U2_25", 915.79, -739.49, "T", "SMD", "P27", "", "O", 16.54, 65.75, 0, 270],
		[218, "U2_26", 915.79, -707.99, "T", "SMD", "P44", "", "O", 16.54, 65.75, 0, 270],
		[219, "U2_27", 915.79, -676.5, "T", "SMD", "P45", "", "O", 16.54, 65.75, 0, 270],
		[220, "U2_28", 915.79, -645, "T", "SMD", "P41", "", "O", 16.54, 65.75, 0, 270],
		[221, "U2_29", 915.79, -613.5, "T", "SMD", "P46", "", "O", 16.54, 65.75, 0, 270],
		[222, "U2_30", 915.79, -582.01, "T", "SMD", "P07", "", "O", 16.54, 65.75, 0, 270],
		[223, "U2_31", 915.79, -550.51, "T", "SMD", "P06", "", "O", 16.54, 65.75, 0, 270],
		[224, "U2_32", 915.79, -519.02, "T", "SMD", "P05", "", "O", 16.54, 65.75, 0, 270],
		[225, "U2_33", 915.79, -487.52, "T", "SMD", "P04", "", "O", 16.54, 65.75, 0, 270],
		[226, "U2_34", 847.48, -419.21, "T", "SMD", "P03", "", "O", 65.75, 16.54, 0, 270],
		[227, "U2_35", 815.98, -419.21, "T", "SMD", "P02", "", "O", 65.75, 16.54, 0, 270],
		[228, "U2_36", 784.49, -419.21, "T", "SMD", "P01", "", "O", 65.75, 16.54, 0, 270],
		[229, "U2_37", 752.99, -419.21, "T", "SMD", "P00", "", "O", 65.75, 16.54, 0, 270],
		[230, "U2_38", 721.5, -419.21, "T", "SMD", "VCC", "", "O", 65.75, 16.54, 0, 270],
		[231, "U2_39", 690, -419.21, "T", "SMD", "P42", "", "O", 65.75, 16.54, 0, 270],
		[232, "U2_40", 658.5, -419.21, "T", "SMD", "P10", "", "O", 65.75, 16.54, 0, 270],
		[233, "U2_41", 627.01, -419.21, "T", "SMD", "P11", "", "O", 65.75, 16.54, 0, 270],
		[234, "U2_42", 595.51, -419.21, "T", "SMD", "P12", "", "O", 65.75, 16.54, 0, 270],
		[235, "U2_43", 564.02, -419.21, "T", "SMD", "P13", "", "O", 65.75, 16.54, 0, 270],
		[236, "U2_44", 532.52, -419.21, "T", "SMD", "P14", "", "O", 65.75, 16.54, 0, 270],
		[237, "USB1_1", 2031.49, -810.99, "T", "SMD", "GND", "GND", "R", 21.65, 43.31, 0, 90],
		[238, "USB1_2", 2031.49, -779.48, "T", "SMD", "$1N519", "", "R", 21.65, 43.31, 0, 90],
		[239, "USB1_3", 2031.49, -753.89, "T", "SMD", "USB1_3", "", "R", 11.81, 43.31, 0, 90],
		[240, "USB1_4", 2031.49, -734.21, "T", "SMD", "$1N420", "", "R", 11.81, 43.31, 0, 90],
		[241, "USB1_5", 2031.49, -714.52, "T", "SMD", "USB_D-", "", "R", 11.81, 43.31, 0, 90],
		[242, "USB1_6", 2031.49, -694.85, "T", "SMD", "USB_D+", "", "R", 11.81, 43.31, 0, 90],
		[243, "USB1_7", 2031.49, -675.15, "T", "SMD", "USB_D-", "", "R", 11.81, 43.31, 0, 90],
		[244, "USB1_8", 2031.49, -655.48, "T", "SMD", "USB_D+", "", "R", 11.81, 43.31, 0, 90],
		[245, "USB1_9", 2031.49, -635.78, "T", "SMD", "USB1_9", "", "R", 11.81, 43.31, 0, 90],
		[246, "USB1_10", 2031.49, -616.1, "T", "SMD", "$1N416", "", "R", 11.81, 43.31, 0, 90],
		[247, "USB1_11", 2031.49, -590.5, "T", "SMD", "$1N519", "", "R", 21.65, 43.31, 0, 90],
		[248, "USB1_12", 2031.49, -559.01, "T", "SMD", "GND", "GND", "R", 21.65, 43.31, 0, 90],
		[249, "USB1_13", 2053.14, -855.28, "T", "DIP", "GND", "GND", "O", 43.31, 78.74, 59.05, 90],
		[250, "USB1_13", 2053.14, -855.28, "B", "DIP", "GND", "GND", "O", 43.31, 78.74, 59.05, 90],
		[251, "USB1_13", 2218.51, -855.28, "T", "DIP", "GND", "GND", "O", 47.24, 70.87, 47.24, 90],
		[252, "USB1_13", 2218.51, -855.28, "B", "DIP", "GND", "GND", "O", 47.24, 70.87, 47.24, 90],
		[253, "USB1_14", 2053.14, -514.72, "T", "DIP", "GND", "GND", "O", 43.31, 78.74, 59.06, 90],
		[254, "USB1_14", 2053.14, -514.72, "B", "DIP", "GND", "GND", "O", 43.31, 78.74, 59.06, 90],
		[255, "USB1_14", 2218.51, -514.72, "T", "DIP", "GND", "GND", "O", 47.24, 70.87, 47.24, 90],
		[256, "USB1_14", 2218.51, -514.72, "B", "DIP", "GND", "GND", "O", 47.24, 70.87, 47.24, 90],
		[257, "X1_1", 738.74, -947.76, "T", "SMD", "XTAL1", "", "R", 62.99, 47.24, 0, 180],
		[258, "X1_2", 581.26, -947.76, "T", "SMD", "GND", "GND", "R", 62.99, 47.24, 0, 180],
		[259, "X1_3", 581.26, -1042.24, "T", "SMD", "XTAL2", "", "R", 62.99, 47.24, 0, 180],
		[260, "X1_4", 738.74, -1042.24, "T", "SMD", "GND", "GND", "R", 62.99, 47.24, 0, 180]
	]
}
}